"title","rental_duration","name","duration_category"
"Academy Dinosaur",6,"Documentary","Long Duration"
"Ace Goldfinger",3,"Horror","Short Duration"
"Adaptation Holes",7,"Documentary","Long Duration"
"Affair Prejudice",5,"Horror","Short Duration"
"African Egg",6,"Family","Long Duration"
"Agent Truman",3,"Foreign","Short Duration"
"Airplane Sierra",6,"Comedy","Long Duration"
"Airport Pollock",6,"Horror","Long Duration"
"Alabama Devil",3,"Horror","Short Duration"
"Aladdin Calendar",6,"Sports","Long Duration"
"Alamo Videotape",6,"Foreign","Long Duration"
"Alaska Phantom",6,"Music","Long Duration"
"Ali Forever",4,"Horror","Short Duration"
"Alice Fantasia",6,"Classics","Long Duration"
"Alien Center",5,"Foreign","Short Duration"
"Alley Evolution",6,"Foreign","Long Duration"
"Alone Trip",3,"Music","Short Duration"
"Alter Victory",6,"Animation","Long Duration"
"Amadeus Holy",6,"Action","Long Duration"
"Amelie Hellfighters",4,"Music","Short Duration"
"American Circus",3,"Action","Short Duration"
"Amistad Midsummer",6,"New","Long Duration"
"Anaconda Confessions",3,"Animation","Short Duration"
"Analyze Hoosiers",6,"Horror","Long Duration"
"Angels Life",3,"New","Short Duration"
"Annie Identity",3,"Sci-Fi","Short Duration"
"Anonymous Human",7,"Sports","Long Duration"
"Anthem Luke",5,"Comedy","Short Duration"
"Antitrust Tomatoes",5,"Action","Short Duration"
"Anything Savannah",4,"Horror","Short Duration"
"Apache Divine",5,"Family","Short Duration"
"Apocalypse Flamingos",6,"New","Long Duration"
"Apollo Teen",5,"Drama","Short Duration"
"Arabia Dogma",6,"Horror","Long Duration"
"Arachnophobia Rollercoaster",4,"Horror","Short Duration"
"Argonauts Town",7,"Animation","Long Duration"
"Arizona Bang",3,"Classics","Short Duration"
"Ark Ridgemont",6,"Action","Long Duration"
"Armageddon Lost",5,"Sci-Fi","Short Duration"
"Army Flintstones",4,"Documentary","Short Duration"
"Arsenic Independence",4,"Travel","Short Duration"
"Artist Coldblooded",5,"Sports","Short Duration"
"Atlantis Cause",6,"Family","Long Duration"
"Attacks Hate",5,"Sci-Fi","Short Duration"
"Attraction Newton",5,"New","Short Duration"
"Autumn Crow",3,"Games","Short Duration"
"Baby Hall",5,"Foreign","Short Duration"
"Backlash Undefeated",3,"Children","Short Duration"
"Badman Dawn",6,"Sci-Fi","Long Duration"
"Baked Cleopatra",3,"Family","Short Duration"
"Balloon Homeward",5,"Music","Short Duration"
"Ballroom Mockingbird",6,"Foreign","Long Duration"
"Bang Kwai",5,"Family","Short Duration"
"Banger Pinocchio",5,"Music","Short Duration"
"Barbarella Streetcar",6,"Sci-Fi","Long Duration"
"Barefoot Manchurian",6,"Action","Long Duration"
"Basic Easy",4,"Travel","Short Duration"
"Beach Heartbreakers",6,"Documentary","Long Duration"
"Bear Graceland",4,"Children","Short Duration"
"Beast Hunchback",3,"Classics","Short Duration"
"Beauty Grease",5,"Drama","Short Duration"
"Bed Highball",5,"Documentary","Short Duration"
"Bedazzled Married",6,"Family","Long Duration"
"Beethoven Exorcist",6,"Drama","Long Duration"
"Behavior Runaway",3,"Horror","Short Duration"
"Beneath Rush",6,"Children","Long Duration"
"Berets Agent",5,"Action","Short Duration"
"Betrayed Rear",5,"Children","Short Duration"
"Beverly Outlaw",3,"Sci-Fi","Short Duration"
"Bikini Borrowers",7,"Animation","Long Duration"
"Bilko Anonymous",3,"Family","Short Duration"
"Bill Others",6,"Documentary","Long Duration"
"Bingo Talented",5,"Sci-Fi","Short Duration"
"Birch Antitrust",4,"Music","Short Duration"
"Bird Independence",6,"Travel","Long Duration"
"Birdcage Casper",4,"Music","Short Duration"
"Birds Perdition",5,"New","Short Duration"
"Blackout Private",7,"Animation","Long Duration"
"Blade Polish",5,"Drama","Short Duration"
"Blanket Beverly",7,"Family","Long Duration"
"Blindness Gun",6,"Sci-Fi","Long Duration"
"Blood Argonauts",3,"Family","Short Duration"
"Blues Instinct",5,"Family","Short Duration"
"Boiled Dares",7,"Travel","Long Duration"
"Bonnie Holocaust",4,"Documentary","Short Duration"
"Boogie Amelie",6,"Music","Long Duration"
"Boondock Ballroom",7,"Travel","Long Duration"
"Born Spinal",7,"Travel","Long Duration"
"Borrowers Bedazzled",7,"Animation","Long Duration"
"Boulevard Mob",3,"New","Short Duration"
"Bound Cheaper",5,"Classics","Short Duration"
"Bowfinger Gables",7,"Horror","Long Duration"
"Brannigan Sunrise",4,"New","Short Duration"
"Braveheart Human",7,"Family","Long Duration"
"Breakfast Goldfinger",5,"New","Short Duration"
"Breaking Home",4,"New","Short Duration"
"Bride Intrigue",7,"Action","Long Duration"
"Bright Encounters",4,"Drama","Short Duration"
"Bringing Hysterical",7,"Comedy","Long Duration"
"Brooklyn Desert",7,"Foreign","Long Duration"
"Brotherhood Blanket",3,"Documentary","Short Duration"
"Bubble Grosse",4,"Sports","Short Duration"
"Bucket Brotherhood",7,"Travel","Long Duration"
"Bugsy Song",4,"Foreign","Short Duration"
"Bull Shawshank",6,"Action","Long Duration"
"Bulworth Commandments",4,"Games","Short Duration"
"Bunch Minds",4,"Drama","Short Duration"
"Butch Panther",6,"New","Long Duration"
"Butterfly Chocolat",3,"New","Short Duration"
"Cabin Flash",4,"Children","Short Duration"
"Caddyshack Jedi",3,"Action","Short Duration"
"Calendar Gunfight",4,"Foreign","Short Duration"
"California Birds",4,"Sports","Short Duration"
"Camelot Vacation",3,"Sci-Fi","Short Duration"
"Campus Remember",5,"Action","Short Duration"
"Candidate Perdition",4,"Classics","Short Duration"
"Candles Grapes",6,"Games","Long Duration"
"Canyon Stock",7,"Animation","Long Duration"
"Caper Motions",6,"Comedy","Long Duration"
"Caribbean Liberty",3,"Sports","Short Duration"
"Carol Texas",4,"Animation","Short Duration"
"Carrie Bunch",7,"Horror","Long Duration"
"Casablanca Super",6,"Travel","Long Duration"
"Casper Dragonfly",3,"Children","Short Duration"
"Cassidy Wyoming",5,"Travel","Short Duration"
"Casualties Encino",3,"Action","Short Duration"
"Cat Coneheads",5,"Comedy","Short Duration"
"Catch Amistad",7,"Foreign","Long Duration"
"Cause Date",3,"Documentary","Short Duration"
"Celebrity Horn",7,"Action","Long Duration"
"Center Dinosaur",5,"Classics","Short Duration"
"Chainsaw Uptown",6,"Sci-Fi","Long Duration"
"Chamber Italian",7,"Music","Long Duration"
"Champion Flatliners",4,"Animation","Short Duration"
"Chance Resurrection",3,"Sports","Short Duration"
"Chaplin License",7,"New","Long Duration"
"Charade Duffel",3,"Sci-Fi","Short Duration"
"Chariots Conspiracy",5,"Sci-Fi","Short Duration"
"Chasing Fight",7,"Family","Long Duration"
"Cheaper Clyde",6,"Sci-Fi","Long Duration"
"Chicago North",6,"Games","Long Duration"
"Chicken Hellfighters",3,"Documentary","Short Duration"
"Chill Luck",6,"Drama","Long Duration"
"Chinatown Gladiator",7,"New","Long Duration"
"Chisum Behavior",5,"Family","Short Duration"
"Chitty Lock",6,"Drama","Long Duration"
"Chocolat Harry",5,"Family","Short Duration"
"Chocolate Duck",3,"Foreign","Short Duration"
"Christmas Moonshine",7,"Children","Long Duration"
"Cider Desire",7,"Documentary","Long Duration"
"Cincinatti Whisperer",5,"Sci-Fi","Short Duration"
"Circus Youth",5,"Children","Short Duration"
"Citizen Shrek",7,"Sci-Fi","Long Duration"
"Clash Freddy",6,"Animation","Long Duration"
"Cleopatra Devil",6,"New","Long Duration"
"Clerks Angels",3,"Documentary","Short Duration"
"Clockwork Paradise",7,"Children","Long Duration"
"Clones Pinocchio",6,"Music","Long Duration"
"Closer Bang",5,"Comedy","Short Duration"
"Club Graffiti",4,"Animation","Short Duration"
"Clue Grail",6,"Music","Long Duration"
"Clueless Bucket",4,"Action","Short Duration"
"Clyde Theory",4,"New","Short Duration"
"Coast Rainbow",4,"Documentary","Short Duration"
"Coldblooded Darling",7,"Sci-Fi","Long Duration"
"Color Philadelphia",6,"Classics","Long Duration"
"Coma Head",6,"Travel","Long Duration"
"Comancheros Enemy",5,"Children","Short Duration"
"Comforts Rush",3,"Travel","Short Duration"
"Command Darling",5,"Foreign","Short Duration"
"Commandments Express",6,"Horror","Long Duration"
"Coneheads Smoochy",7,"Drama","Long Duration"
"Confessions Maguire",7,"Drama","Long Duration"
"Confidential Interview",6,"Music","Long Duration"
"Confused Candles",3,"Family","Short Duration"
"Congeniality Quest",6,"Sports","Long Duration"
"Connecticut Tramp",4,"Sci-Fi","Short Duration"
"Connection Microcosmos",6,"Comedy","Long Duration"
"Conquerer Nuts",4,"Drama","Short Duration"
"Conspiracy Spirit",4,"Classics","Short Duration"
"Contact Anonymous",7,"Travel","Long Duration"
"Control Anthem",7,"Comedy","Long Duration"
"Conversation Downhill",4,"Family","Short Duration"
"Core Suit",3,"Classics","Short Duration"
"Cowboy Doom",3,"Foreign","Short Duration"
"Craft Outfield",6,"Drama","Long Duration"
"Cranes Reservoir",5,"Sports","Short Duration"
"Crazy Home",7,"Comedy","Long Duration"
"Creatures Shakespeare",3,"Games","Short Duration"
"Creepers Kane",5,"Classics","Short Duration"
"Crooked Frogmen",6,"Children","Long Duration"
"Crossing Divorce",4,"Foreign","Short Duration"
"Crossroads Casualties",5,"Animation","Short Duration"
"Crow Grease",6,"Action","Long Duration"
"Crowds Telemark",3,"Sci-Fi","Short Duration"
"Cruelty Unforgiven",7,"Classics","Long Duration"
"Crusade Honey",4,"Sports","Short Duration"
"Crystal Breaking",6,"Foreign","Long Duration"
"Cupboard Sinners",4,"Documentary","Short Duration"
"Curtain Videotape",7,"Games","Long Duration"
"Cyclone Family",7,"Foreign","Long Duration"
"Daddy Pittsburgh",5,"Comedy","Short Duration"
"Daisy Menagerie",5,"Sci-Fi","Short Duration"
"Dalmations Sweden",4,"Drama","Short Duration"
"Dances None",3,"Action","Short Duration"
"Dancing Fever",6,"Documentary","Long Duration"
"Dangerous Uptown",7,"Foreign","Long Duration"
"Dares Pluto",7,"Animation","Long Duration"
"Darkness War",6,"Drama","Long Duration"
"Darko Dorado",3,"Action","Short Duration"
"Darling Breaking",7,"Games","Long Duration"
"Darn Forrester",7,"Action","Long Duration"
"Date Speed",4,"Family","Short Duration"
"Daughter Madigan",3,"Children","Short Duration"
"Dawn Pond",4,"Games","Short Duration"
"Day Unfaithful",3,"New","Short Duration"
"Dazed Punk",6,"Games","Long Duration"
"Deceiver Betrayed",7,"Drama","Long Duration"
"Deep Crusade",6,"Documentary","Long Duration"
"Deer Virginian",7,"Music","Long Duration"
"Deliverance Mulholland",4,"Documentary","Short Duration"
"Desert Poseidon",4,"Horror","Short Duration"
"Desire Alien",7,"Animation","Long Duration"
"Desperate Trainspotting",7,"Travel","Long Duration"
"Destination Jerk",3,"Drama","Short Duration"
"Destiny Saturday",4,"New","Short Duration"
"Details Packer",4,"Games","Short Duration"
"Detective Vision",4,"Classics","Short Duration"
"Devil Desire",6,"Action","Long Duration"
"Diary Panic",7,"Drama","Long Duration"
"Dinosaur Secretary",7,"Family","Long Duration"
"Dirty Ace",7,"Games","Long Duration"
"Disciple Mother",3,"Travel","Short Duration"
"Disturbing Scarface",6,"Sci-Fi","Long Duration"
"Divide Monster",6,"Sci-Fi","Long Duration"
"Divine Resurrection",4,"Games","Short Duration"
"Divorce Shining",3,"Sports","Short Duration"
"Doctor Grail",4,"Children","Short Duration"
"Dogma Family",5,"Animation","Short Duration"
"Dolls Rage",7,"Sci-Fi","Long Duration"
"Donnie Alley",4,"Animation","Short Duration"
"Doom Dancing",4,"Comedy","Short Duration"
"Doors President",3,"Animation","Short Duration"
"Dorado Notting",5,"Music","Short Duration"
"Double Wrath",4,"Animation","Short Duration"
"Doubtfire Labyrinth",5,"Foreign","Short Duration"
"Downhill Enough",3,"Comedy","Short Duration"
"Dozen Lion",6,"Documentary","Long Duration"
"Dracula Crystal",7,"Classics","Long Duration"
"Dragon Squad",4,"Action","Short Duration"
"Dragonfly Strangers",6,"New","Long Duration"
"Dream Pickup",6,"Action","Long Duration"
"Drifter Commandments",5,"Action","Short Duration"
"Driver Annie",4,"Sports","Short Duration"
"Driving Polish",6,"Music","Long Duration"
"Drop Waterfront",6,"Sports","Long Duration"
"Drumline Cyclone",3,"Travel","Short Duration"
"Drums Dynamite",6,"Horror","Long Duration"
"Duck Racer",4,"Animation","Short Duration"
"Dude Blindness",3,"Sports","Short Duration"
"Duffel Apocalypse",5,"Documentary","Short Duration"
"Dumbo Lust",5,"Family","Short Duration"
"Durham Panky",6,"Sports","Long Duration"
"Dwarfs Alter",6,"Games","Long Duration"
"Dying Maker",5,"Comedy","Short Duration"
"Dynamite Tarzan",4,"Classics","Short Duration"
"Eagles Panky",4,"New","Short Duration"
"Early Home",6,"Animation","Long Duration"
"Earring Instinct",3,"Family","Short Duration"
"Earth Vision",7,"New","Long Duration"
"Easy Gladiator",5,"Action","Short Duration"
"Edge Kissing",5,"Drama","Short Duration"
"Effect Gladiator",6,"Family","Long Duration"
"Egg Igby",4,"Documentary","Short Duration"
"Egypt Tenenbaums",3,"Horror","Short Duration"
"Element Freddy",6,"Comedy","Long Duration"
"Elephant Trojan",4,"Horror","Short Duration"
"Elf Murder",4,"Music","Short Duration"
"Elizabeth Shane",7,"Sports","Long Duration"
"Empire Malkovich",7,"Children","Long Duration"
"Encino Elf",6,"Games","Long Duration"
"Encounters Curtain",5,"Drama","Short Duration"
"Ending Crowds",6,"New","Long Duration"
"Enemy Odds",5,"Music","Short Duration"
"English Bulworth",3,"Sci-Fi","Short Duration"
"Enough Raging",7,"Travel","Long Duration"
"Entrapment Satisfaction",5,"Action","Short Duration"
"Escape Metropolis",7,"Travel","Long Duration"
"Eve Resurrection",5,"New","Short Duration"
"Everyone Craft",4,"Foreign","Short Duration"
"Evolution Alter",5,"Sports","Short Duration"
"Excitement Eve",3,"Action","Short Duration"
"Exorcist Sting",6,"Sports","Long Duration"
"Expecations Natural",5,"Travel","Short Duration"
"Expendable Stallion",3,"Documentary","Short Duration"
"Express Lonely",5,"Sci-Fi","Short Duration"
"Extraordinary Conquerer",6,"Classics","Long Duration"
"Eyes Driving",4,"Sci-Fi","Short Duration"
"Factory Dragon",4,"Travel","Short Duration"
"Falcon Volume",5,"Animation","Short Duration"
"Family Sweet",4,"Horror","Short Duration"
"Fantasia Park",5,"Games","Short Duration"
"Fantasy Troopers",6,"Action","Long Duration"
"Fargo Gandhi",3,"Children","Short Duration"
"Fatal Haunted",6,"New","Long Duration"
"Feathers Metal",3,"Games","Short Duration"
"Fellowship Autumn",6,"Travel","Long Duration"
"Ferris Mother",3,"Comedy","Short Duration"
"Feud Frogmen",6,"Family","Long Duration"
"Fever Empire",5,"Games","Short Duration"
"Fiction Christmas",4,"Foreign","Short Duration"
"Fiddler Lost",4,"Sci-Fi","Short Duration"
"Fidelity Devil",5,"Horror","Short Duration"
"Fight Jawbreaker",3,"Animation","Short Duration"
"Finding Anaconda",4,"Family","Short Duration"
"Fire Wolves",5,"Games","Short Duration"
"Fireball Philadelphia",4,"Comedy","Short Duration"
"Firehouse Vietnam",7,"Action","Long Duration"
"Fish Opus",4,"Sci-Fi","Short Duration"
"Flamingos Connecticut",4,"New","Short Duration"
"Flash Wars",3,"New","Short Duration"
"Flatliners Killer",5,"Sports","Short Duration"
"Flight Lies",7,"Sports","Long Duration"
"Flintstones Happiness",3,"Comedy","Short Duration"
"Floats Garden",6,"Animation","Long Duration"
"Flying Hook",6,"Animation","Long Duration"
"Fool Mockingbird",3,"Action","Short Duration"
"Forever Candidate",7,"Children","Long Duration"
"Forrest Sons",4,"Action","Short Duration"
"Forrester Comancheros",7,"Animation","Long Duration"
"Forward Temple",6,"Games","Long Duration"
"Frankenstein Stranger",7,"Comedy","Long Duration"
"Freaky Pocus",7,"Music","Long Duration"
"Freddy Storm",6,"Horror","Long Duration"
"Freedom Cleopatra",5,"Comedy","Short Duration"
"French Holiday",5,"Documentary","Short Duration"
"Frida Slipper",6,"Foreign","Long Duration"
"Frisco Forrest",6,"Sci-Fi","Long Duration"
"Frogmen Breaking",5,"Travel","Short Duration"
"Frontier Cabin",6,"New","Long Duration"
"Frost Head",5,"Classics","Short Duration"
"Fugitive Maguire",7,"Travel","Long Duration"
"Full Flatliners",6,"Children","Long Duration"
"Fury Murder",3,"Children","Short Duration"
"Gables Metropolis",3,"Family","Short Duration"
"Galaxy Sweethearts",4,"Classics","Short Duration"
"Games Bowfinger",7,"Travel","Long Duration"
"Gandhi Kwai",7,"Family","Long Duration"
"Gangs Pride",4,"Animation","Short Duration"
"Garden Island",3,"Sci-Fi","Short Duration"
"Gaslight Crusade",4,"Horror","Short Duration"
"Gathering Calendar",4,"Games","Short Duration"
"Gentlemen Stage",6,"Foreign","Long Duration"
"Ghost Groundhog",6,"Children","Long Duration"
"Ghostbusters Elf",7,"Animation","Long Duration"
"Giant Troopers",5,"Children","Short Duration"
"Gilbert Pelican",7,"Classics","Long Duration"
"Gilmore Boiled",5,"Classics","Short Duration"
"Gladiator Westward",6,"Family","Long Duration"
"Glass Dying",4,"Action","Short Duration"
"Gleaming Jawbreaker",5,"Sports","Short Duration"
"Glory Tracy",7,"Games","Long Duration"
"Go Purple",3,"Music","Short Duration"
"Godfather Diary",3,"New","Short Duration"
"Gold River",4,"Comedy","Short Duration"
"Goldfinger Sensibility",3,"Drama","Short Duration"
"Goldmine Tycoon",6,"Sci-Fi","Long Duration"
"Gone Trouble",7,"Drama","Long Duration"
"Goodfellas Salute",4,"Sci-Fi","Short Duration"
"Gorgeous Bingo",4,"Children","Short Duration"
"Gosford Donnie",5,"Action","Short Duration"
"Graceland Dynamite",5,"Sports","Short Duration"
"Graduate Lord",7,"Children","Long Duration"
"Graffiti Love",3,"Sci-Fi","Short Duration"
"Grail Frankenstein",4,"Action","Short Duration"
"Grapes Fury",4,"Foreign","Short Duration"
"Grease Youth",7,"Family","Long Duration"
"Greatest North",5,"Music","Short Duration"
"Greedy Roots",7,"Drama","Long Duration"
"Greek Everyone",7,"Foreign","Long Duration"
"Grinch Massage",7,"Games","Long Duration"
"Grit Clockwork",3,"Games","Short Duration"
"Groove Fiction",6,"Sports","Long Duration"
"Grosse Wonderful",5,"Music","Short Duration"
"Groundhog Uncut",6,"Comedy","Long Duration"
"Gump Date",3,"Travel","Short Duration"
"Gun Bonnie",7,"Games","Long Duration"
"Gunfight Moon",5,"Comedy","Short Duration"
"Gunfighter Mussolini",3,"Sports","Short Duration"
"Guys Falcon",4,"Sci-Fi","Short Duration"
"Half Outfield",6,"Family","Long Duration"
"Hall Cassidy",5,"Children","Short Duration"
"Halloween Nuts",6,"Documentary","Long Duration"
"Hamlet Wisdom",7,"Sci-Fi","Long Duration"
"Handicap Boondock",4,"Action","Short Duration"
"Hanging Deep",5,"Drama","Short Duration"
"Hanky October",5,"Sci-Fi","Short Duration"
"Hanover Galaxy",5,"Music","Short Duration"
"Happiness United",6,"Foreign","Long Duration"
"Hardly Robbers",7,"Documentary","Long Duration"
"Harold French",6,"Drama","Long Duration"
"Harper Dying",3,"Animation","Short Duration"
"Harry Idaho",5,"Drama","Short Duration"
"Hate Handicap",4,"Comedy","Short Duration"
"Haunted Antitrust",6,"Travel","Long Duration"
"Haunting Pianist",5,"Games","Short Duration"
"Hawk Chill",5,"Documentary","Short Duration"
"Head Stranger",4,"Games","Short Duration"
"Heartbreakers Bright",3,"Children","Short Duration"
"Heaven Freedom",7,"Comedy","Long Duration"
"Heavenly Gun",5,"Music","Short Duration"
"Heavyweights Beast",6,"Documentary","Long Duration"
"Hedwig Alter",7,"Comedy","Long Duration"
"Hellfighters Sierra",3,"Foreign","Short Duration"
"High Encino",3,"Horror","Short Duration"
"Highball Potter",6,"Foreign","Long Duration"
"Hills Neighbors",5,"Action","Short Duration"
"Hobbit Alien",5,"Drama","Short Duration"
"Hocus Frida",4,"Family","Short Duration"
"Holes Brannigan",7,"Sports","Long Duration"
"Holiday Games",7,"Foreign","Long Duration"
"Hollow Jeopardy",7,"Sci-Fi","Long Duration"
"Hollywood Anonymous",7,"Children","Long Duration"
"Holocaust Highball",6,"Children","Long Duration"
"Holy Tadpole",6,"Classics","Long Duration"
"Home Pity",7,"Music","Long Duration"
"Homeward Cider",5,"Documentary","Short Duration"
"Homicide Peach",6,"Family","Long Duration"
"Honey Ties",3,"Sports","Short Duration"
"Hook Chariots",7,"Animation","Long Duration"
"Hoosiers Birdcage",3,"Foreign","Short Duration"
"Hope Tootsie",4,"Classics","Short Duration"
"Horn Working",4,"Animation","Short Duration"
"Horror Reign",3,"Travel","Short Duration"
"Hotel Happiness",6,"Foreign","Long Duration"
"Hours Rage",4,"New","Short Duration"
"House Dynamite",7,"Family","Long Duration"
"Human Graffiti",3,"Games","Short Duration"
"Hunchback Impossible",4,"Drama","Short Duration"
"Hunger Roof",6,"Foreign","Long Duration"
"Hunter Alter",5,"Documentary","Short Duration"
"Hunting Musketeers",6,"Family","Long Duration"
"Hurricane Affair",6,"Comedy","Long Duration"
"Hustler Party",3,"Comedy","Short Duration"
"Hyde Doctor",5,"Classics","Short Duration"
"Hysterical Grail",5,"Sports","Short Duration"
"Ice Crossing",5,"Games","Short Duration"
"Idaho Love",3,"New","Short Duration"
"Identity Lover",4,"Sci-Fi","Short Duration"
"Idols Snatchers",5,"Children","Short Duration"
"Igby Maker",7,"Travel","Long Duration"
"Illusion Amelie",4,"Foreign","Short Duration"
"Image Princess",3,"Sports","Short Duration"
"Impact Aladdin",6,"Music","Long Duration"
"Impossible Prejudice",7,"Foreign","Long Duration"
"Inch Jet",6,"Animation","Long Duration"
"Independence Hotel",5,"Documentary","Short Duration"
"Indian Love",4,"Family","Short Duration"
"Informer Double",4,"Foreign","Short Duration"
"Innocent Usual",3,"Foreign","Short Duration"
"Insects Stone",3,"Animation","Short Duration"
"Insider Arizona",5,"Music","Short Duration"
"Instinct Airport",4,"Sports","Short Duration"
"Intentions Empire",3,"Animation","Short Duration"
"Interview Liaisons",4,"New","Short Duration"
"Intolerable Intentions",6,"Documentary","Long Duration"
"Intrigue Worst",6,"Foreign","Long Duration"
"Invasion Cyclone",5,"Children","Short Duration"
"Iron Moon",7,"Classics","Long Duration"
"Ishtar Rocketeer",4,"Animation","Short Duration"
"Island Exorcist",7,"Classics","Long Duration"
"Italian African",3,"Travel","Short Duration"
"Jacket Frisco",5,"Drama","Short Duration"
"Jade Bunch",6,"Sports","Long Duration"
"Japanese Run",6,"Horror","Long Duration"
"Jason Trap",5,"Family","Short Duration"
"Jawbreaker Brooklyn",5,"Music","Short Duration"
"Jaws Harry",4,"Comedy","Short Duration"
"Jedi Beneath",7,"Family","Long Duration"
"Jeepers Wedding",3,"Classics","Short Duration"
"Jekyll Frogmen",4,"New","Short Duration"
"Jeopardy Encino",3,"Classics","Short Duration"
"Jericho Mulan",3,"Games","Short Duration"
"Jerk Paycheck",3,"Classics","Short Duration"
"Jersey Sassy",6,"Children","Long Duration"
"Jet Neighbors",7,"Foreign","Long Duration"
"Jingle Sagebrush",6,"Classics","Long Duration"
"Joon Northwest",3,"Sports","Short Duration"
"Juggler Hardly",4,"Animation","Short Duration"
"Jumanji Blade",4,"New","Short Duration"
"Jumping Wrath",4,"Children","Short Duration"
"Jungle Closer",6,"New","Long Duration"
"Kane Exorcist",5,"Foreign","Short Duration"
"Karate Moon",4,"Horror","Short Duration"
"Kentuckian Giant",5,"Horror","Short Duration"
"Kick Savannah",3,"Travel","Short Duration"
"Kill Brotherhood",4,"Documentary","Short Duration"
"Killer Innocent",7,"Family","Long Duration"
"King Evolution",3,"Family","Short Duration"
"Kiss Glory",5,"Foreign","Short Duration"
"Kissing Dolls",3,"Action","Short Duration"
"Knock Warlock",4,"Comedy","Short Duration"
"Kramer Chocolate",3,"Sports","Short Duration"
"Kwai Homeward",5,"Drama","Short Duration"
"Labyrinth League",6,"Children","Long Duration"
"Lady Stage",4,"Horror","Short Duration"
"Ladybugs Armageddon",4,"Games","Short Duration"
"Lambs Cincinatti",6,"Games","Long Duration"
"Language Cowboy",5,"Children","Short Duration"
"Lawless Vision",6,"Animation","Long Duration"
"Lawrence Love",7,"Action","Long Duration"
"League Hellfighters",5,"Classics","Short Duration"
"Leathernecks Dwarfs",6,"Travel","Long Duration"
"Lebowski Soldiers",6,"Drama","Long Duration"
"Legally Secretary",7,"Children","Long Duration"
"Legend Jedi",7,"Music","Long Duration"
"Lesson Cleopatra",3,"Sports","Short Duration"
"Liaisons Sweet",5,"Travel","Short Duration"
"Liberty Magnificent",3,"Sports","Short Duration"
"License Weekend",7,"Sci-Fi","Long Duration"
"Lies Treatment",7,"Drama","Long Duration"
"Life Twisted",4,"Comedy","Short Duration"
"Lights Deer",7,"Classics","Long Duration"
"Lion Uncut",6,"Comedy","Long Duration"
"Loathing Legally",4,"Classics","Short Duration"
"Lock Rear",7,"Travel","Long Duration"
"Lola Agent",4,"Horror","Short Duration"
"Lolita World",4,"Family","Short Duration"
"Lonely Elephant",3,"Comedy","Short Duration"
"Lord Arizona",5,"Action","Short Duration"
"Lose Inch",3,"Foreign","Short Duration"
"Loser Hustler",5,"Sports","Short Duration"
"Lost Bird",4,"Foreign","Short Duration"
"Louisiana Harry",5,"Family","Short Duration"
"Love Suicides",6,"Horror","Long Duration"
"Lovely Jingle",3,"Classics","Short Duration"
"Lover Truman",3,"Classics","Short Duration"
"Loverboy Attacks",7,"New","Long Duration"
"Luck Opus",7,"Drama","Long Duration"
"Lucky Flying",7,"Music","Long Duration"
"Luke Mummy",5,"Animation","Short Duration"
"Lust Lock",3,"Action","Short Duration"
"Madigan Dorado",5,"Travel","Short Duration"
"Madison Trap",4,"Documentary","Short Duration"
"Madness Attacks",4,"Foreign","Short Duration"
"Madre Gables",7,"Games","Long Duration"
"Magic Mallrats",3,"Children","Short Duration"
"Magnificent Chitty",3,"Classics","Short Duration"
"Magnolia Forrester",4,"Action","Short Duration"
"Maguire Apache",6,"Family","Long Duration"
"Maiden Home",3,"New","Short Duration"
"Majestic Floats",5,"Documentary","Short Duration"
"Maker Gables",4,"Children","Short Duration"
"Malkovich Pet",6,"Classics","Long Duration"
"Mallrats United",4,"Comedy","Short Duration"
"Maltese Hope",6,"Games","Long Duration"
"Manchurian Curtain",5,"Family","Short Duration"
"Mannequin Worst",3,"New","Short Duration"
"Married Go",7,"Sci-Fi","Long Duration"
"Mars Roman",6,"Games","Long Duration"
"Mask Peach",6,"New","Long Duration"
"Masked Bubble",6,"Music","Long Duration"
"Massacre Usual",6,"Games","Long Duration"
"Massage Image",4,"Animation","Short Duration"
"Matrix Snowman",6,"Foreign","Long Duration"
"Maude Mod",6,"Foreign","Long Duration"
"Meet Chocolate",3,"Foreign","Short Duration"
"Memento Zoolander",4,"Comedy","Short Duration"
"Menagerie Rushmore",7,"Animation","Long Duration"
"Mermaid Insects",5,"Sports","Short Duration"
"Metal Armageddon",6,"Documentary","Long Duration"
"Metropolis Coma",4,"Sci-Fi","Short Duration"
"Microcosmos Paradise",6,"Children","Long Duration"
"Midnight Westward",3,"Action","Short Duration"
"Midsummer Groundhog",3,"Documentary","Short Duration"
"Mighty Luck",7,"Documentary","Long Duration"
"Mile Mulan",4,"Sports","Short Duration"
"Million Ace",4,"Classics","Short Duration"
"Minds Truman",3,"Action","Short Duration"
"Mine Titans",3,"New","Short Duration"
"Minority Kiss",4,"Music","Short Duration"
"Miracle Virtual",3,"Animation","Short Duration"
"Mission Zoolander",3,"Animation","Short Duration"
"Mixed Doors",6,"Foreign","Long Duration"
"Mob Duffel",4,"Drama","Short Duration"
"Mockingbird Hollywood",4,"Action","Short Duration"
"Mod Secretary",6,"Documentary","Long Duration"
"Model Fish",4,"Children","Short Duration"
"Modern Dorado",3,"Documentary","Short Duration"
"Money Harold",3,"New","Short Duration"
"Monsoon Cause",6,"Games","Long Duration"
"Monster Spartacus",6,"Music","Long Duration"
"Monterey Labyrinth",6,"Horror","Long Duration"
"Montezuma Command",6,"Action","Long Duration"
"Moon Bunch",7,"Foreign","Long Duration"
"Moonshine Cabin",4,"Games","Short Duration"
"Moonwalker Fool",5,"Games","Short Duration"
"Mosquito Armageddon",6,"Sports","Long Duration"
"Mother Oleander",3,"Sports","Short Duration"
"Motions Details",5,"Horror","Short Duration"
"Moulin Wake",4,"Travel","Short Duration"
"Mourning Purple",5,"Sci-Fi","Short Duration"
"Movie Shakespeare",6,"Family","Long Duration"
"Mulan Moon",4,"Comedy","Short Duration"
"Mulholland Beast",7,"Foreign","Long Duration"
"Mummy Creatures",3,"Sports","Short Duration"
"Muppet Mile",5,"Foreign","Short Duration"
"Murder Antitrust",6,"Children","Long Duration"
"Muscle Bright",7,"Travel","Long Duration"
"Music Boondock",7,"Family","Long Duration"
"Musketeers Wait",7,"Classics","Long Duration"
"Mussolini Spoilers",6,"Sports","Long Duration"
"Mystic Truman",5,"Comedy","Short Duration"
"Name Detective",5,"Games","Short Duration"
"Nash Chocolat",6,"Animation","Long Duration"
"National Story",4,"Documentary","Short Duration"
"Natural Stock",4,"Family","Short Duration"
"Necklace Outbreak",3,"Drama","Short Duration"
"Neighbors Charade",3,"Sports","Short Duration"
"Nemo Campus",5,"Sci-Fi","Short Duration"
"Network Peak",5,"Family","Short Duration"
"Newsies Story",4,"Documentary","Short Duration"
"Newton Labyrinth",4,"Foreign","Short Duration"
"Nightmare Chill",3,"Games","Short Duration"
"None Spiking",3,"Sci-Fi","Short Duration"
"Noon Papi",5,"Children","Short Duration"
"North Tequila",4,"Documentary","Short Duration"
"Northwest Polish",5,"Sports","Short Duration"
"Notorious Reunion",7,"Documentary","Long Duration"
"Notting Speakeasy",7,"Drama","Long Duration"
"Novocaine Flight",4,"Sports","Short Duration"
"Nuts Ties",5,"New","Short Duration"
"October Submarine",6,"Classics","Long Duration"
"Odds Boogie",6,"Family","Long Duration"
"Oklahoma Jumanji",7,"New","Long Duration"
"Oleander Clue",5,"Music","Short Duration"
"Open African",7,"Sci-Fi","Long Duration"
"Operation Operation",7,"Comedy","Long Duration"
"Opposite Necklace",7,"Family","Long Duration"
"Opus Ice",5,"Foreign","Short Duration"
"Orange Grapes",4,"Foreign","Short Duration"
"Order Betrayed",7,"Travel","Long Duration"
"Orient Closer",3,"Drama","Short Duration"
"Oscar Gold",7,"Animation","Long Duration"
"Others Soup",7,"Travel","Long Duration"
"Outbreak Divine",6,"Games","Long Duration"
"Outfield Massacre",4,"Music","Short Duration"
"Outlaw Hanky",7,"Travel","Long Duration"
"Oz Liaisons",4,"Animation","Short Duration"
"Pacific Amistad",3,"Documentary","Short Duration"
"Packer Madigan",3,"Animation","Short Duration"
"Pajama Jawbreaker",3,"Classics","Short Duration"
"Panic Club",3,"Horror","Short Duration"
"Panky Submarine",4,"Games","Short Duration"
"Panther Reds",5,"Sci-Fi","Short Duration"
"Papi Necklace",3,"Travel","Short Duration"
"Paradise Sabrina",5,"Comedy","Short Duration"
"Paris Weekend",7,"Horror","Long Duration"
"Park Citizen",3,"Action","Short Duration"
"Party Knock",7,"Comedy","Long Duration"
"Past Suicides",5,"Foreign","Short Duration"
"Paths Control",3,"Drama","Short Duration"
"Patient Sister",7,"Classics","Long Duration"
"Patriot Roman",6,"Action","Long Duration"
"Patton Interview",4,"Horror","Short Duration"
"Paycheck Wait",4,"Drama","Short Duration"
"Peach Innocent",3,"Sports","Short Duration"
"Peak Forever",7,"Sports","Long Duration"
"Pearl Destiny",3,"Foreign","Short Duration"
"Pelican Comforts",4,"Documentary","Short Duration"
"Perdition Fargo",7,"Sports","Long Duration"
"Perfect Groove",7,"Comedy","Long Duration"
"Personal Ladybugs",3,"Music","Short Duration"
"Pet Haunting",3,"Foreign","Short Duration"
"Phantom Glory",6,"New","Long Duration"
"Philadelphia Wife",7,"Sports","Long Duration"
"Pianist Outfield",6,"New","Long Duration"
"Pickup Driving",3,"Sports","Short Duration"
"Pilot Hoosiers",6,"Family","Long Duration"
"Pinocchio Simon",4,"Comedy","Short Duration"
"Pirates Roxanne",4,"Sports","Short Duration"
"Pittsburgh Hunchback",4,"Family","Short Duration"
"Pity Bound",5,"Drama","Short Duration"
"Pizza Jumanji",4,"Games","Short Duration"
"Platoon Instinct",6,"New","Long Duration"
"Pluto Oleander",5,"New","Short Duration"
"Pocus Pulp",6,"Documentary","Long Duration"
"Polish Brooklyn",6,"Children","Long Duration"
"Pollock Deliverance",5,"Foreign","Short Duration"
"Pond Seattle",7,"Animation","Long Duration"
"Poseidon Forever",6,"Sports","Long Duration"
"Potluck Mixed",3,"Animation","Short Duration"
"Potter Connecticut",5,"Animation","Short Duration"
"Prejudice Oleander",6,"Classics","Long Duration"
"President Bang",6,"Family","Long Duration"
"Pride Alamo",6,"Animation","Long Duration"
"Primary Glass",7,"Action","Long Duration"
"Princess Giant",3,"Documentary","Short Duration"
"Private Drop",7,"Games","Long Duration"
"Prix Undefeated",4,"Family","Short Duration"
"Psycho Shrunk",5,"Games","Short Duration"
"Pulp Beverly",4,"Horror","Short Duration"
"Punk Divorce",6,"Animation","Long Duration"
"Pure Runner",3,"Comedy","Short Duration"
"Purple Movie",4,"Foreign","Short Duration"
"Queen Luke",5,"Drama","Short Duration"
"Quest Mussolini",5,"Action","Short Duration"
"Quills Bull",4,"Documentary","Short Duration"
"Racer Egg",7,"Drama","Long Duration"
"Rage Games",4,"Family","Short Duration"
"Raging Airplane",4,"Sci-Fi","Short Duration"
"Raiders Antitrust",4,"Documentary","Short Duration"
"Rainbow Shock",3,"Documentary","Short Duration"
"Random Go",6,"Sci-Fi","Long Duration"
"Range Moonwalker",3,"Family","Short Duration"
"Reap Unfaithful",6,"Horror","Long Duration"
"Rear Trading",6,"Action","Long Duration"
"Rebel Airport",7,"Music","Long Duration"
"Records Zorro",7,"Sports","Long Duration"
"Redemption Comforts",3,"New","Short Duration"
"Reds Pocus",7,"Music","Long Duration"
"Reef Salute",5,"Horror","Short Duration"
"Reign Gentlemen",3,"Sci-Fi","Short Duration"
"Remember Diary",5,"Family","Short Duration"
"Requiem Tycoon",6,"Classics","Long Duration"
"Reservoir Adaptation",7,"Foreign","Long Duration"
"Resurrection Silverado",6,"Family","Long Duration"
"Reunion Witches",3,"Drama","Short Duration"
"Rider Caddyshack",5,"Sports","Short Duration"
"Ridgemont Submarine",3,"New","Short Duration"
"Right Cranes",7,"Classics","Long Duration"
"Rings Heartbreakers",5,"Action","Short Duration"
"River Outlaw",4,"Sports","Short Duration"
"Road Roxanne",4,"Documentary","Short Duration"
"Robbers Joon",7,"Children","Long Duration"
"Robbery Bright",4,"Family","Short Duration"
"Rock Instinct",4,"Horror","Short Duration"
"Rocketeer Mother",3,"Foreign","Short Duration"
"Rocky War",4,"Drama","Short Duration"
"Rollercoaster Bringing",5,"Horror","Short Duration"
"Roman Punk",7,"Music","Long Duration"
"Roof Champion",7,"Games","Long Duration"
"Room Roman",7,"Animation","Long Duration"
"Roots Remember",4,"Classics","Short Duration"
"Roses Treasure",5,"Sports","Short Duration"
"Rouge Squad",3,"Games","Short Duration"
"Roxanne Rebel",5,"Games","Short Duration"
"Rugrats Shakespeare",4,"Action","Short Duration"
"Rules Human",6,"Horror","Long Duration"
"Run Pacific",3,"New","Short Duration"
"Runaway Tenenbaums",6,"New","Long Duration"
"Runner Madigan",6,"Music","Long Duration"
"Rush Goodfellas",3,"Family","Short Duration"
"Rushmore Mermaid",6,"Comedy","Long Duration"
"Sabrina Midnight",5,"Children","Short Duration"
"Saddle Antitrust",7,"Comedy","Long Duration"
"Sagebrush Clueless",4,"Documentary","Short Duration"
"Saints Bride",5,"Drama","Short Duration"
"Salute Apollo",4,"New","Short Duration"
"Samurai Lion",5,"New","Short Duration"
"Santa Paris",7,"Children","Long Duration"
"Sassy Packer",6,"Games","Long Duration"
"Satisfaction Confidential",3,"Sports","Short Duration"
"Saturday Lambs",3,"Sports","Short Duration"
"Saturn Name",7,"Comedy","Long Duration"
"Savannah Town",5,"Drama","Short Duration"
"Scalawag Duck",6,"Music","Long Duration"
"Scarface Bang",3,"Children","Short Duration"
"School Jacket",5,"Foreign","Short Duration"
"Scissorhands Slums",5,"Foreign","Short Duration"
"Scorpion Apollo",3,"Drama","Short Duration"
"Sea Virgin",4,"Drama","Short Duration"
"Seabiscuit Punk",6,"Sports","Long Duration"
"Searchers Wait",3,"Comedy","Short Duration"
"Seattle Expecations",4,"Drama","Short Duration"
"Secret Groundhog",6,"Documentary","Long Duration"
"Secretary Rouge",5,"Sports","Short Duration"
"Secrets Paradise",3,"Family","Short Duration"
"Sense Greek",4,"Sports","Short Duration"
"Sensibility Rear",7,"Family","Long Duration"
"Seven Swarm",4,"Games","Short Duration"
"Shakespeare Saddle",6,"Sports","Long Duration"
"Shane Darkness",5,"Travel","Short Duration"
"Shanghai Tycoon",7,"Travel","Long Duration"
"Shawshank Bubble",6,"Travel","Long Duration"
"Shepherd Midsummer",7,"Children","Long Duration"
"Shining Roses",4,"Travel","Short Duration"
"Ship Wonderland",5,"Documentary","Short Duration"
"Shock Cabin",7,"Foreign","Long Duration"
"Shootist Superfly",6,"Drama","Long Duration"
"Show Lord",3,"Documentary","Short Duration"
"Shrek License",7,"Foreign","Long Duration"
"Shrunk Divine",6,"Action","Long Duration"
"Side Ark",5,"Action","Short Duration"
"Siege Madre",7,"Family","Long Duration"
"Sierra Divide",3,"Sports","Short Duration"
"Silence Kane",7,"Music","Long Duration"
"Silverado Goldfinger",4,"Sci-Fi","Short Duration"
"Simon North",3,"Horror","Short Duration"
"Sinners Atlantis",7,"Horror","Long Duration"
"Sister Freddy",5,"Children","Short Duration"
"Sky Miracle",7,"Action","Long Duration"
"Slacker Liaisons",7,"Drama","Long Duration"
"Sleeping Suspects",7,"Horror","Long Duration"
"Sleepless Monsoon",5,"Animation","Short Duration"
"Sleepy Japanese",4,"New","Short Duration"
"Sleuth Orient",4,"Games","Short Duration"
"Sling Luke",5,"Classics","Short Duration"
"Slipper Fidelity",5,"Sports","Short Duration"
"Slums Duck",5,"Family","Short Duration"
"Smile Earring",4,"Travel","Short Duration"
"Smoking Barbarella",7,"Documentary","Long Duration"
"Smoochy Control",7,"Sports","Long Duration"
"Snatch Slipper",6,"Comedy","Long Duration"
"Snatchers Montezuma",4,"Classics","Short Duration"
"Snowman Rollercoaster",3,"Animation","Short Duration"
"Soldiers Evolution",7,"Sci-Fi","Long Duration"
"Something Duck",4,"Drama","Short Duration"
"Song Hedwig",3,"Music","Short Duration"
"Sons Interview",3,"Animation","Short Duration"
"Sorority Queen",6,"Foreign","Long Duration"
"Soup Wisdom",6,"Family","Long Duration"
"South Wait",4,"Action","Short Duration"
"Spartacus Cheaper",4,"Family","Short Duration"
"Speakeasy Date",6,"Action","Long Duration"
"Speed Suit",7,"Travel","Long Duration"
"Spice Sorority",5,"Drama","Short Duration"
"Spiking Element",7,"Classics","Long Duration"
"Spinal Rocky",7,"Family","Long Duration"
"Spirit Flintstones",7,"Horror","Long Duration"
"Spirited Casualties",5,"Sci-Fi","Short Duration"
"Splash Gump",5,"Family","Short Duration"
"Splendor Patton",5,"Children","Short Duration"
"Spoilers Hellfighters",4,"Documentary","Short Duration"
"Spy Mile",6,"Games","Long Duration"
"Squad Fish",3,"Sports","Short Duration"
"Stage World",4,"Comedy","Short Duration"
"Stagecoach Armageddon",5,"Action","Short Duration"
"Stallion Sundance",5,"Sci-Fi","Short Duration"
"Stampede Disturbing",5,"Games","Short Duration"
"Star Operation",5,"Sports","Short Duration"
"State Wasteland",4,"Games","Short Duration"
"Steel Santa",4,"Classics","Short Duration"
"Steers Armageddon",6,"Sports","Long Duration"
"Stepmom Dream",7,"Foreign","Long Duration"
"Sting Personal",3,"New","Short Duration"
"Stock Glass",7,"New","Long Duration"
"Stone Fire",3,"Travel","Short Duration"
"Storm Happiness",6,"Animation","Long Duration"
"Story Side",7,"Action","Long Duration"
"Straight Hours",3,"Sports","Short Duration"
"Strangelove Desire",4,"Children","Short Duration"
"Stranger Strangers",3,"Children","Short Duration"
"Strangers Graffiti",4,"Horror","Short Duration"
"Streak Ridgemont",7,"Documentary","Long Duration"
"Streetcar Intentions",5,"Horror","Short Duration"
"Strictly Scarface",3,"Comedy","Short Duration"
"Submarine Bed",5,"Comedy","Short Duration"
"Sugar Wonka",3,"Animation","Short Duration"
"Suicides Silence",4,"Sci-Fi","Short Duration"
"Suit Walls",3,"Games","Short Duration"
"Summer Scarface",5,"Classics","Short Duration"
"Sun Confessions",5,"Sci-Fi","Short Duration"
"Sundance Invasion",5,"Children","Short Duration"
"Sunrise League",3,"Animation","Short Duration"
"Sunset Racer",6,"Family","Long Duration"
"Super Wyoming",5,"Family","Short Duration"
"Superfly Trip",5,"Travel","Short Duration"
"Suspects Quills",4,"Action","Short Duration"
"Swarm Gold",4,"Horror","Short Duration"
"Sweden Shining",6,"Comedy","Long Duration"
"Sweet Brotherhood",3,"Travel","Short Duration"
"Sweethearts Suspects",3,"Children","Short Duration"
"Tadpole Park",6,"Classics","Long Duration"
"Talented Homicide",6,"Sports","Long Duration"
"Tarzan Videotape",3,"Horror","Short Duration"
"Taxi Kick",4,"Music","Short Duration"
"Teen Apollo",3,"Travel","Short Duration"
"Telegraph Voyage",3,"Music","Short Duration"
"Telemark Heartbreakers",6,"Animation","Long Duration"
"Temple Attraction",5,"Horror","Short Duration"
"Tenenbaums Command",4,"Drama","Short Duration"
"Tequila Past",6,"Children","Long Duration"
"Terminator Club",5,"Music","Short Duration"
"Texas Watch",7,"Horror","Long Duration"
"Theory Mermaid",5,"Animation","Short Duration"
"Thief Pelican",5,"Animation","Short Duration"
"Thin Sagebrush",5,"Documentary","Short Duration"
"Ties Hunger",3,"Children","Short Duration"
"Tights Dawn",5,"Sports","Short Duration"
"Timberland Sky",3,"Classics","Short Duration"
"Titanic Boondock",3,"Animation","Short Duration"
"Titans Jerk",4,"Sci-Fi","Short Duration"
"Tomatoes Hellfighters",6,"Travel","Long Duration"
"Tomorrow Hustler",3,"Classics","Short Duration"
"Tootsie Pilot",3,"Children","Short Duration"
"Torque Bound",3,"Drama","Short Duration"
"Tourist Pelican",4,"Sports","Short Duration"
"Towers Hurricane",7,"Classics","Long Duration"
"Town Ark",6,"Foreign","Long Duration"
"Tracy Cider",3,"Animation","Short Duration"
"Trading Pinocchio",6,"Sports","Long Duration"
"Traffic Hobbit",5,"Travel","Short Duration"
"Train Bunch",3,"Horror","Short Duration"
"Trainspotting Strangers",7,"Comedy","Long Duration"
"Tramp Others",4,"Comedy","Short Duration"
"Translation Summer",4,"Drama","Short Duration"
"Trap Guys",3,"Foreign","Short Duration"
"Treasure Command",3,"Horror","Short Duration"
"Treatment Jekyll",3,"Drama","Short Duration"
"Trip Newton",7,"Action","Long Duration"
"Trojan Tomorrow",3,"Sci-Fi","Short Duration"
"Troopers Metal",3,"New","Short Duration"
"Trouble Date",6,"Travel","Long Duration"
"Truman Crazy",7,"Action","Long Duration"
"Turn Star",3,"Animation","Short Duration"
"Tuxedo Mile",3,"Sports","Short Duration"
"Twisted Pirates",4,"Children","Short Duration"
"Tycoon Gathering",3,"Games","Short Duration"
"Unbreakable Karate",3,"New","Short Duration"
"Uncut Suicides",7,"Music","Long Duration"
"Undefeated Dalmations",7,"Horror","Long Duration"
"Unfaithful Kill",7,"Drama","Long Duration"
"Unforgiven Zoolander",7,"Sci-Fi","Long Duration"
"United Pilot",3,"Documentary","Short Duration"
"Untouchables Sunrise",5,"Documentary","Short Duration"
"Uprising Uptown",6,"Action","Long Duration"
"Uptown Young",5,"Children","Short Duration"
"Usual Untouchables",5,"Foreign","Short Duration"
"Vacation Boondock",4,"Sci-Fi","Short Duration"
"Valentine Vanishing",7,"Travel","Long Duration"
"Valley Packer",3,"Comedy","Short Duration"
"Vampire Whale",4,"New","Short Duration"
"Vanilla Day",7,"Games","Long Duration"
"Vanished Garden",5,"New","Short Duration"
"Vanishing Rocky",3,"Music","Short Duration"
"Varsity Trip",7,"New","Long Duration"
"Velvet Terminator",3,"Comedy","Short Duration"
"Vertigo Northwest",4,"Comedy","Short Duration"
"Victory Academy",6,"Sports","Long Duration"
"Videotape Arsenic",4,"Games","Short Duration"
"Vietnam Smoochy",7,"Drama","Long Duration"
"Villain Desperate",4,"Documentary","Short Duration"
"Virgin Daisy",6,"Drama","Long Duration"
"Virginian Pluto",5,"Documentary","Short Duration"
"Virtual Spoilers",3,"Family","Short Duration"
"Vision Torque",5,"Foreign","Short Duration"
"Voice Peach",6,"New","Long Duration"
"Volcano Texas",6,"Games","Long Duration"
"Volume House",7,"Classics","Long Duration"
"Voyage Legally",6,"Classics","Long Duration"
"Wagon Jaws",7,"Documentary","Long Duration"
"Wait Cider",3,"Animation","Short Duration"
"Wake Jaws",7,"New","Long Duration"
"Walls Artist",7,"Children","Long Duration"
"Wanda Chamber",7,"Games","Long Duration"
"War Notting",7,"Foreign","Long Duration"
"Wardrobe Phantom",6,"Drama","Long Duration"
"Warlock Werewolf",6,"Children","Long Duration"
"Wars Pluto",5,"Documentary","Short Duration"
"Wash Heavenly",7,"Foreign","Long Duration"
"Wasteland Divine",7,"Classics","Long Duration"
"Watch Tracy",5,"Animation","Short Duration"
"Waterfront Deliverance",4,"Action","Short Duration"
"Watership Frontier",6,"Horror","Long Duration"
"Wedding Apollo",3,"Documentary","Short Duration"
"Weekend Personal",5,"Sci-Fi","Short Duration"
"Werewolf Lola",6,"Action","Long Duration"
"West Lion",4,"Drama","Short Duration"
"Westward Seabiscuit",7,"Classics","Long Duration"
"Whale Bikini",4,"Foreign","Short Duration"
"Whisperer Giant",4,"Sci-Fi","Short Duration"
"Wife Turn",3,"Documentary","Short Duration"
"Wild Apollo",4,"New","Short Duration"
"Willow Tracy",6,"Family","Long Duration"
"Wind Phantom",6,"Games","Long Duration"
"Window Side",3,"Travel","Short Duration"
"Wisdom Worker",3,"Comedy","Short Duration"
"Witches Panic",6,"Drama","Long Duration"
"Wizard Coldblooded",4,"Music","Short Duration"
"Wolves Desire",7,"Travel","Long Duration"
"Women Dorado",4,"Action","Short Duration"
"Won Dares",7,"Music","Long Duration"
"Wonderful Drop",3,"Foreign","Short Duration"
"Wonderland Christmas",4,"Sci-Fi","Short Duration"
"Wonka Sea",6,"Animation","Long Duration"
"Words Hunter",3,"Music","Short Duration"
"Worker Tarzan",7,"Travel","Long Duration"
"Working Microcosmos",4,"Travel","Short Duration"
"World Leathernecks",3,"Horror","Short Duration"
"Worst Banger",4,"Action","Short Duration"
"Wrath Mile",5,"Documentary","Short Duration"
"Wrong Behavior",6,"Children","Long Duration"
"Wyoming Storm",6,"New","Long Duration"
"Yentl Idaho",5,"Horror","Short Duration"
"Young Language",6,"Documentary","Long Duration"
"Youth Kick",4,"Music","Short Duration"
"Zhivago Core",6,"Horror","Long Duration"
"Zoolander Fiction",5,"Children","Short Duration"
"Zorro Ark",3,"Comedy","Short Duration"
